iter	time_sec
1	5.576694
2	5.594085
3	5.394816
4	5.541395
5	5.621228
6	5.612966
7	5.649973
8	5.611195
9	5.679237
10	5.659866
