iter	time_sec
1	20.199150
2	21.096342
3	20.128947
4	19.699387
5	20.302074
6	19.639576
7	21.149309
8	20.417061
9	20.430885
10	20.221394
