iter	time_sec
1	19.729057
2	19.635532
3	20.529656
4	19.776508
5	20.486727
6	20.312440
7	20.107736
8	20.673083
9	21.185413
10	21.121289
