iter	time_sec
1	20.377252
2	22.033953
3	20.671928
4	21.185562
5	20.881423
6	20.598671
7	20.836877
8	22.143199
9	20.776332
10	21.273473
