iter	time_sec
1	19.690937
2	19.937124
3	19.563789
4	19.444802
5	19.900533
6	20.822625
7	20.945888
8	21.189621
9	21.689901
10	20.988250
