iter	time_sec
1	4.171396
2	4.125836
3	4.186016
4	4.127460
5	4.167808
6	4.211834
7	4.268481
8	4.285758
9	4.308997
10	4.145360
