iter	time_sec
1	5.162643
2	5.217476
3	5.262408
4	5.275080
5	5.387758
6	5.512827
7	5.196577
8	5.257480
9	5.403874
10	5.529837
