iter	time_sec
1	6.023466
2	6.037999
3	6.062051
4	6.104048
