iter	time_sec
1	2.701169
2	2.659399
3	2.694458
4	2.679176
5	2.672602
6	2.665125
7	2.703927
8	2.747266
9	2.712417
10	2.732735
