iter	time_sec
1	5.439183
2	5.560438
3	5.311758
4	5.482124
5	5.373130
6	5.391534
7	5.340904
8	5.417431
9	5.356646
10	5.431914
