iter	time_sec
1	5.321048
2	5.306419
3	5.340265
4	5.397091
5	5.420131
6	5.391308
7	5.314609
8	5.436854
9	5.433616
10	5.555317
