iter	time_sec
1	21.109096
2	22.741972
3	20.589363
4	21.155860
5	20.984324
6	20.581993
