iter	time_sec
1	6.083865
2	6.003883
3	6.090681
4	6.023941
5	5.995695
6	6.088715
7	5.984974
8	6.117795
9	6.311393
10	6.138236
