iter	time_sec
1	20.218000
2	19.955430
3	21.058677
