iter	time_sec
1	21.039166
2	21.032053
3	21.262023
4	20.964921
5	22.973494
6	20.848944
7	21.280482
8	21.149432
9	21.076856
10	20.679379
