iter	time_sec
1	5.774917
2	5.411315
3	5.881317
4	5.430385
5	5.505053
6	5.493302
7	5.512170
8	5.430807
9	5.564545
