iter	time_sec
1	20.275703
2	20.273394
3	19.986309
4	20.216725
5	21.717633
6	20.269553
7	20.674684
8	20.369714
9	21.538455
