iter	time_sec
1	20.050816
2	20.487707
3	20.303352
4	19.577928
5	19.601503
6	19.625734
7	19.507604
8	19.531960
9	20.171318
10	19.859373
