iter	time_sec
1	21.054393
2	21.803627
3	22.822130
4	21.936127
5	21.043922
6	21.357874
7	22.496048
8	21.286132
9	23.142319
10	21.931547
