iter	time_sec
1	20.459282
2	20.538298
3	21.337721
4	20.887652
5	20.315580
6	20.150285
7	20.025029
8	20.035085
9	21.235583
10	20.070160
