iter	time_sec
1	5.762108
2	5.539716
3	5.818970
4	6.002429
5	5.506439
6	5.491378
7	5.438760
8	5.558233
9	5.651179
