iter	time_sec
1	20.586337
2	21.095752
3	20.535484
4	21.307972
5	20.329277
6	20.229276
7	20.430075
8	20.230826
9	21.150518
10	20.113254
