iter	time_sec
1	3.495002
2	3.497198
3	3.498208
4	3.528703
5	4.088362
6	3.469960
7	3.534544
8	3.499159
9	3.529307
10	3.532118
