iter	time_sec
1	3.169418
2	3.029998
3	3.031405
4	3.037711
5	3.045011
6	3.002153
7	3.073900
8	3.256851
9	3.049882
10	3.062275
