iter	time_sec
1	3.436314
2	3.688340
3	3.693855
4	3.694836
5	3.476580
6	3.468343
7	3.453203
8	3.526151
9	3.470286
10	3.450688
