iter	time_sec
1	3.164870
2	3.207774
3	3.200356
4	3.287712
5	3.247521
6	3.306892
7	3.305262
8	3.159388
9	3.248431
10	3.164411
