iter	time_sec
1	5.716654
2	5.604530
3	5.785260
