iter	time_sec
1	5.273992
2	5.274262
3	5.305473
4	5.663095
5	5.329946
6	5.232680
7	5.295008
8	5.557327
9	5.640628
10	5.244438
