iter	time_sec
1	19.921852
2	20.366076
3	21.477978
4	19.938439
5	20.183140
6	20.769682
7	19.781480
8	20.156457
9	20.323977
10	20.508134
