iter	time_sec
1	4.181689
2	4.031525
3	4.038921
4	4.223733
5	4.036700
6	4.132657
7	4.102451
8	4.067114
9	4.151655
10	4.125483
