iter	time_sec
1	21.895782
2	20.712680
3	20.096793
4	22.193046
5	21.655864
6	21.434773
7	20.867119
8	20.527646
9	20.729529
10	21.800428
