iter	time_sec
1	5.692859
2	5.327483
3	5.384841
4	5.393225
5	5.381605
6	5.497516
7	5.347362
8	5.526343
9	5.383465
10	5.349274
