iter	time_sec
1	3.613178
2	3.915214
3	3.628489
4	3.636667
5	3.720983
6	3.637446
7	3.640333
8	3.815411
9	3.594141
10	3.696121
