iter	time_sec
1	3.176385
2	3.199153
3	3.202500
4	3.272667
5	3.250968
6	3.203539
7	3.208314
8	3.209422
9	3.377575
10	3.221844
