iter	time_sec
1	19.705865
2	19.970054
