iter	time_sec
1	2.635945
2	2.706393
3	2.606274
4	2.626980
5	2.610847
6	2.617405
7	2.681583
8	2.615518
9	2.622975
10	2.840442
