iter	time_sec
1	20.232009
2	20.279232
3	20.310021
4	20.123489
5	19.973977
6	20.223160
7	20.218082
8	20.255254
9	20.280802
10	20.245211
