iter	time_sec
1	20.753770
2	21.303851
3	20.511270
4	20.882877
5	20.983729
6	21.229040
7	20.767876
