iter	time_sec
1	5.520242
2	5.691405
3	5.583623
