iter	time_sec
1	5.430350
2	5.402756
3	5.381044
4	5.450926
5	5.491462
6	5.670914
7	5.672105
8	5.749076
9	5.366942
10	5.307938
